{
  "random_forest": {
    "mae_mean": 29.94642138861756,
    "mae_std": 28.430493308982232,
    "rmse_mean": 42.02164435063669,
    "rmse_std": 35.4034913045512,
    "r2_mean": 0.2859227369778259,
    "r2_std": 0.9144737871593849,
    "mape_mean": 3.9979111946914934,
    "mape_std": 3.904637557390174
  },
  "xgboost": {
    "mae_mean": 24.88572177954652,
    "mae_std": 26.425009579630245,
    "rmse_mean": 36.24869906929207,
    "rmse_std": 34.254368861244174,
    "r2_mean": 0.4074668291238508,
    "r2_std": 0.8237169472195865,
    "mape_mean": 3.2654453403247574,
    "mape_std": 3.663303924327983
  },
  "arima": {
    "mae_mean": 58.6970901682251,
    "mae_std": 19.844002277407334,
    "rmse_mean": 76.00894623299844,
    "rmse_std": 21.68348361187091,
    "r2_mean": -0.5388733811128859,
    "r2_std": 0.4739786482029084,
    "mape_mean": NaN,
    "mape_std": NaN
  },
  "metadata": {
    "trained_at": "2025-10-27T01:29:36.443799",
    "n_features": 22,
    "n_samples": 3993,
    "n_splits": 5
  }
}